{
  "Workflows": [
    {
      "Path": null,
      "SortBy": 0,
      "VariablesSectionElementsOrder": [],
      "ArgumentsSectionElementsOrder": null,
      "ConstantsSectionElementsOrder": [],
      "AddedNamespaces": null
    },
    {
      "Path": "Main.xaml",
      "SortBy": 0,
      "VariablesSectionElementsOrder": [
        "str_address&Sequence_1",
        "str_longitude_Output&Sequence_1",
        "str_Latitude_Output&Sequence_1",
        "range_longitude&Sequence_27",
        "range_latitude&Sequence_27",
        "range_country&Sequence_27",
        "range_postalcode&Sequence_27",
        "range_state&Sequence_27",
        "range_city&Sequence_27",
        "range_street&Sequence_27",
        "range_address&Sequence_27",
        "arr_Koordinat&Sequence_20",
        "Koordinat&Sequence_20",
        "ResultColumn&Sequence_20",
        "idx_num&Sequence_1",
        "idx&Sequence_1",
        "str_Longitude&Sequence_1",
        "str_Latitiude&Sequence_1",
        "str_street&Sequence_1",
        "str_city&Sequence_1",
        "str_state&Sequence_1",
        "str_postcode&Sequence_1",
        "str_countrycode&Sequence_1"
      ],
      "ArgumentsSectionElementsOrder": [],
      "ConstantsSectionElementsOrder": [],
      "AddedNamespaces": null
    },
    {
      "Path": "Modules/GeoCodeReverse.xaml",
      "SortBy": 0,
      "VariablesSectionElementsOrder": [
        "GeocodeOutput&Sequence_11",
        "DJObject&Sequence_11",
        "DJAOutput&Sequence_11",
        "Object_Output&Sequence_11"
      ],
      "ArgumentsSectionElementsOrder": [
        "str_city",
        "str_state",
        "str_postcode",
        "str_countrycode",
        "str_street",
        "str_Longitude",
        "str_Latitiude"
      ],
      "ConstantsSectionElementsOrder": [],
      "AddedNamespaces": null
    },
    {
      "Path": "Modules/GeoCodeGet.xaml",
      "SortBy": 0,
      "VariablesSectionElementsOrder": [
        "GeocodeOutput&Sequence_11",
        "DJObject&Sequence_11",
        "DJAOutput&Sequence_11",
        "Object_Output&Sequence_11"
      ],
      "ArgumentsSectionElementsOrder": [
        "str_address",
        "str_Longitude_Output",
        "str_Latitiude_Output",
        "str_city",
        "str_postcode",
        "str_countrycode",
        "str_street",
        "str_state"
      ],
      "ConstantsSectionElementsOrder": [],
      "AddedNamespaces": null
    },
    {
      "Path": "Modules/Chat_GPT_Assistent.xaml",
      "SortBy": 0,
      "VariablesSectionElementsOrder": [
        "Questions&Sequence_1",
        "Response&Sequence_1"
      ],
      "ArgumentsSectionElementsOrder": [],
      "ConstantsSectionElementsOrder": [],
      "AddedNamespaces": null
    }
  ]
}